{"bayesian": {"loss": [2.5443782806396484, 2.016536235809326, 1.6892459392547607, 1.476069688796997, 1.28862464427948, 1.145597219467163, 1.0976423025131226, 1.0339105129241943, 0.9139065742492676, 0.9249175786972046, 0.860870897769928, 0.8298384547233582, 0.7509468197822571, 0.7393446564674377, 0.6899384260177612, 0.7038373351097107, 0.6711470484733582, 0.6689704060554504, 0.6261539459228516, 0.6165980696678162, 0.5835931301116943, 0.5683457851409912, 0.5507734417915344, 0.5891194939613342, 0.5557474493980408, 0.5505939722061157, 0.506391704082489, 0.4977158308029175, 0.5267655253410339, 0.5300055742263794, 0.4784727096557617, 0.4755176305770874, 0.5042631030082703, 0.44929617643356323, 0.48187798261642456, 0.48393237590789795, 0.45662087202072144, 0.4630216956138611, 0.4520167112350464], "mae": [1.236923336982727, 1.082563042640686, 1.0016459226608276, 0.9282206296920776, 0.8687678575515747, 0.816404402256012, 0.798210859298706, 0.7733363509178162, 0.7304379940032959, 0.730535626411438, 0.704650342464447, 0.6903854608535767, 0.6556222438812256, 0.651665985584259, 0.6257925629615784, 0.6290791034698486, 0.6184580326080322, 0.612688422203064, 0.5872533917427063, 0.5859410762786865, 0.5660301446914673, 0.5568835735321045, 0.5540863275527954, 0.5680873990058899, 0.5544282793998718, 0.5470839738845825, 0.5293253660202026, 0.5224816799163818, 0.5326963067054749, 0.5372685790061951, 0.5078513622283936, 0.5044888854026794, 0.5216751098632812, 0.49566370248794556, 0.5087908506393433, 0.5139139294624329, 0.49411889910697937, 0.49497586488723755, 0.4928758144378662], "val_loss": [0.7927871942520142, 0.6789156198501587, 0.6121231913566589, 0.5618084669113159, 0.5354433655738831, 0.47852015495300293, 0.45476338267326355, 0.446711927652359, 0.43257737159729004, 0.40230491757392883, 0.4102652370929718, 0.4029325842857361, 0.4008111357688904, 0.3972025513648987, 0.39196911454200745, 0.39004647731781006, 0.3773028552532196, 0.3860524296760559, 0.37527522444725037, 0.3762138783931732, 0.37062156200408936, 0.36437925696372986, 0.3611156940460205, 0.3576171100139618, 0.35444945096969604, 0.35192906856536865, 0.34539279341697693, 0.348553866147995, 0.3412165343761444, 0.3400573432445526, 0.3504350781440735, 0.35166609287261963, 0.3555987477302551, 0.3521484136581421, 0.3487686514854431, 0.3494008183479309, 0.3498270511627197, 0.35491830110549927, 0.35642188787460327], "val_mae": [0.7009478211402893, 0.6637160778045654, 0.6294984817504883, 0.5967386960983276, 0.5851873755455017, 0.5433588624000549, 0.5285555124282837, 0.5285851359367371, 0.5180002450942993, 0.4963543117046356, 0.5058284401893616, 0.49414125084877014, 0.4908587336540222, 0.4890430271625519, 0.48619237542152405, 0.4844037890434265, 0.4731835722923279, 0.47728461027145386, 0.467402845621109, 0.46887391805648804, 0.4612669348716736, 0.4540170133113861, 0.4538353681564331, 0.4532245993614197, 0.45264992117881775, 0.453056663274765, 0.44870179891586304, 0.4504992365837097, 0.44507235288619995, 0.44276607036590576, 0.4529423117637634, 0.4520416855812073, 0.4544648230075836, 0.45523935556411743, 0.453058123588562, 0.45449575781822205, 0.45524218678474426, 0.4621180593967438, 0.46097949147224426]}, "physics": {"loss": [1.7599482536315918, 0.8441678285598755, 0.6169666051864624, 0.5127831697463989, 0.4712839126586914, 0.4377630949020386, 0.3994576334953308, 0.3981204032897949, 0.36302489042282104, 0.3508009910583496, 0.3528144359588623, 0.35051703453063965, 0.33591869473457336, 0.3146234154701233, 0.34417614340782166, 0.3001512587070465, 0.3111397325992584, 0.286668062210083, 0.3032810688018799, 0.29760923981666565, 0.2909265458583832, 0.3048836886882782, 0.2776738107204437, 0.2717001438140869, 0.2631663978099823, 0.271633505821228, 0.25524353981018066, 0.25927600264549255, 0.2575337290763855, 0.25863924622535706, 0.24105533957481384, 0.25043436884880066, 0.2438380867242813, 0.244082510471344, 0.225237175822258, 0.2405032366514206, 0.23504512012004852, 0.2477913796901703, 0.24108414351940155, 0.24261868000030518], "mae": [1.0188320875167847, 0.7053388953208923, 0.5916522145271301, 0.5365669131278992, 0.5122140645980835, 0.48938700556755066, 0.47042298316955566, 0.46769407391548157, 0.4442843794822693, 0.43434271216392517, 0.4355068504810333, 0.43264979124069214, 0.42679497599601746, 0.41388463973999023, 0.42879337072372437, 0.4047527015209198, 0.41207781434059143, 0.3940584063529968, 0.4067205488681793, 0.3968367576599121, 0.3961828649044037, 0.4104609787464142, 0.38595253229141235, 0.3828732967376709, 0.3767150342464447, 0.380045086145401, 0.3701768219470978, 0.3707422912120819, 0.37076476216316223, 0.3704654574394226, 0.35852745175361633, 0.3655216097831726, 0.36195245385169983, 0.36499422788619995, 0.34781548380851746, 0.3601107597351074, 0.3521779179573059, 0.3691684901714325, 0.3645831346511841, 0.3662251830101013], "val_loss": [0.9236406087875366, 0.7667256593704224, 0.6830686926841736, 0.62749844789505, 0.600297749042511, 0.5521575212478638, 0.5505916476249695, 0.5301969647407532, 0.5015035271644592, 0.4781475067138672, 0.4867577850818634, 0.4880412518978119, 0.47478044033050537, 0.4681176543235779, 0.4700204133987427, 0.4642661213874817, 0.47249940037727356, 0.4679831564426422, 0.4847099184989929, 0.4642863869667053, 0.44994863867759705, 0.44482505321502686, 0.4232160449028015, 0.4292154908180237, 0.42625191807746887, 0.4235977232456207, 0.44647806882858276, 0.4259238839149475, 0.41875746846199036, 0.4178268313407898, 0.39407438039779663, 0.40349364280700684, 0.39314010739326477, 0.3929591476917267, 0.39439111948013306, 0.4003257155418396, 0.407720148563385, 0.4034174978733063, 0.3943198621273041, 0.3926120102405548], "val_mae": [0.7754495143890381, 0.7060267925262451, 0.6656328439712524, 0.634267270565033, 0.6172442436218262, 0.5885173678398132, 0.5821408033370972, 0.5632776618003845, 0.5449169278144836, 0.5284280776977539, 0.5342034101486206, 0.5361003875732422, 0.5235920548439026, 0.5220322608947754, 0.5208855867385864, 0.5188636779785156, 0.5262317657470703, 0.5221803188323975, 0.5299215912818909, 0.5145857334136963, 0.5114772319793701, 0.5060226917266846, 0.4928753972053528, 0.49690425395965576, 0.49461913108825684, 0.49270567297935486, 0.5094730257987976, 0.49620187282562256, 0.49130529165267944, 0.48823031783103943, 0.47158703207969666, 0.4740365445613861, 0.4737721383571625, 0.4703430235385895, 0.4713362455368042, 0.4764114320278168, 0.4819011688232422, 0.47598814964294434, 0.47053128480911255, 0.4695141911506653]}, "ensemble": {"loss": [1.3939372301101685, 0.8247798681259155, 0.662432074546814, 0.5417016744613647, 0.5084276795387268, 0.4694726765155792, 0.45256662368774414, 0.4291772246360779, 0.4177566170692444, 0.400116890668869, 0.3645487129688263, 0.37337636947631836, 0.35435086488723755, 0.34942808747291565, 0.34553149342536926, 0.3435137867927551, 0.33730971813201904, 0.3047656714916229, 0.31969401240348816, 0.3059118688106537, 0.3062346875667572, 0.3086731731891632, 0.28337228298187256, 0.3037497401237488, 0.3031163513660431, 0.2793258726596832, 0.27082332968711853, 0.274055153131485, 0.2655675709247589, 0.28858476877212524], "mae": [0.9219487905502319, 0.7058430910110474, 0.6285830736160278, 0.5622602701187134, 0.5427460670471191, 0.5235162973403931, 0.5102242827415466, 0.49874719977378845, 0.4836428463459015, 0.4732106328010559, 0.4483170807361603, 0.4594918489456177, 0.44789132475852966, 0.44332200288772583, 0.44094157218933105, 0.43968039751052856, 0.4385491907596588, 0.4154062271118164, 0.422068327665329, 0.4142637848854065, 0.41412240266799927, 0.41498884558677673, 0.3960663378238678, 0.41285473108291626, 0.4094739556312561, 0.3927573263645172, 0.38972070813179016, 0.39137542247772217, 0.38808849453926086, 0.4053042531013489],